{"A Classic Education - NightOwl": {"duration": 171.24, "std": 0.15485107898712158, "mean": 2.176033376599662e-05}, "ANiMAL - Clinic A": {"duration": 237.849, "std": 0.12999768555164337, "mean": -0.0032656460534781218}, "ANiMAL - Easy Tiger": {"duration": 205.458, "std": 0.11706913262605667, "mean": 0.0006658138008788228}, "ANiMAL - Rockshow": {"duration": 165.497, "std": 0.1127697303891182, "mean": 7.897034083725885e-05}, "Actions - Devil's Words": {"duration": 196.608, "std": 0.14958864450454712, "mean": 0.0003039466100744903}, "Actions - One Minute Smile": {"duration": 163.372, "std": 0.13281762599945068, "mean": 0.00022074741718824953}, "Actions - South Of The Water": {"duration": 176.603, "std": 0.13618549704551697, "mean": -0.0005381310475058854}, "Aimee Norwich - Child": {"duration": 189.07, "std": 0.14917349815368652, "mean": -0.000972075795289129}, "Alexander Ross - Goodbye Bolero": {"duration": 418.617, "std": 0.08989741653203964, "mean": -1.4702844964631367e-05}, "Alexander Ross - Velvet Curtain": {"duration": 514.288, "std": 0.06541048735380173, "mean": 2.4906372345867567e-05}, "Angela Thomas Wade - Milk Cow Blues": {"duration": 210.889, "std": 0.09687662869691849, "mean": -9.22155668376945e-05}, "Atlantis Bound - It Was My Fault For Waiting": {"duration": 268.037, "std": 0.10207849740982056, "mean": -0.0002466932637616992}, "Auctioneer - Our Future Faces": {"duration": 207.683, "std": 0.13492263853549957, "mean": -0.00018477867706678808}, "AvaLuna - Waterduct": {"duration": 259.105, "std": 0.08122257143259048, "mean": -0.005373650696128607}, "BigTroubles - Phantom": {"duration": 146.736, "std": 0.1775175780057907, "mean": -1.7379083146806806e-05}, "Bill Chudziak - Children Of No-one": {"duration": 230.733, "std": 0.10862834751605988, "mean": 0.0006608861149288714}, "Black Bloc - If You Want Success": {"duration": 398.532, "std": 0.1094822809100151, "mean": -0.00028141908114776015}, "Celestial Shore - Die For Us": {"duration": 278.474, "std": 0.1250603049993515, "mean": -1.5369183529401198e-05}, "Chris Durban - Celebrate": {"duration": 301.586, "std": 0.11957312375307083, "mean": -0.0004924529348500073}, "Clara Berry And Wooldog - Air Traffic": {"duration": 173.246, "std": 0.08674521744251251, "mean": 0.00011851781891891733}, "Clara Berry And Wooldog - Stella": {"duration": 195.542, "std": 0.10236918181180954, "mean": -5.774734745500609e-05}, "Clara Berry And Wooldog - Waltz For My Victims": {"duration": 175.231, "std": 0.08544009178876877, "mean": -3.791271956288256e-05}, "Cnoc An Tursa - Bannockburn": {"duration": 294.501, "std": 0.13184882700443268, "mean": -0.0002704226935748011}, "Creepoid - OldTree": {"duration": 302.008, "std": 0.11574916541576385, "mean": -9.039403084898368e-05}, "Dark Ride - Burning Bridges": {"duration": 232.648, "std": 0.15304002165794373, "mean": 3.186729736626148e-05}, "Dreamers Of The Ghetto - Heavy Love": {"duration": 294.786, "std": 0.11070041358470917, "mean": -1.4296182598627638e-05}, "Drumtracks - Ghost Bitch": {"duration": 356.894, "std": 0.09726295620203018, "mean": -2.1788899175589904e-05}, "Faces On Film - Waiting For Ga": {"duration": 257.433, "std": 0.11873435229063034, "mean": -1.582943332323339e-05}, "Fergessen - Back From The Start": {"duration": 168.546, "std": 0.09867483377456665, "mean": -4.452595749171451e-05}, "Fergessen - Nos Palpitants": {"duration": 198.211, "std": 0.0914563462138176, "mean": -0.00020497196237556636}, "Fergessen - The Wind": {"duration": 191.8, "std": 0.1221986711025238, "mean": -0.00021800599643029273}, "Flags - 54": {"duration": 315.144, "std": 0.10790020227432251, "mean": 7.886214007157832e-05}, "Giselle - Moss": {"duration": 201.689, "std": 0.0889582484960556, "mean": -0.0004094588803127408}, "Grants - PunchDrunk": {"duration": 204.402, "std": 0.12594668567180634, "mean": -1.5611498383805156e-05}, "Helado Negro - Mitad Del Mundo": {"duration": 181.651, "std": 0.11553579568862915, "mean": -3.048009421036113e-05}, "Hezekiah Jones - Borrowed Heart": {"duration": 241.379, "std": 0.10647457838058472, "mean": -1.5484898540307768e-05}, "Hollow Ground - Left Blind": {"duration": 159.09, "std": 0.13793615996837616, "mean": -2.648086410772521e-05}, "Hop Along - Sister Cities": {"duration": 283.222, "std": 0.1334945559501648, "mean": -1.4250692402129062e-05}, "Invisible Familiars - Disturbing Wildlife": {"duration": 218.494, "std": 0.11801104992628098, "mean": -1.8205231754109263e-05}, "James May - All Souls Moon": {"duration": 220.845, "std": 0.06650819629430771, "mean": -0.00013048542314209044}, "James May - Dont Let Go": {"duration": 241.943, "std": 0.09863048791885376, "mean": -2.833943653968163e-05}, "James May - If You Say": {"duration": 258.3, "std": 0.06390979886054993, "mean": -1.5880601495155133e-05}, "James May - On The Line": {"duration": 256.073, "std": 0.11660934239625931, "mean": 6.946339271962643e-05}, "Jay Menon - Through My Eyes": {"duration": 253.157, "std": 0.07401840388774872, "mean": -5.6174849305534735e-05}, "Johnny Lokke - Promises & Lies": {"duration": 285.8, "std": 0.14802123606204987, "mean": -5.85073976253625e-05}, "Johnny Lokke - Whisper To A Scream": {"duration": 255.318, "std": 0.1386779099702835, "mean": 3.591994391172193e-05}, "Jokers, Jacks & Kings - Sea Of Leaves": {"duration": 191.452, "std": 0.12338709831237793, "mean": 9.823793516261503e-05}, "Leaf - Come Around": {"duration": 264.381, "std": 0.15609869360923767, "mean": 0.00018741714302450418}, "Leaf - Summerghost": {"duration": 231.8, "std": 0.10057520866394043, "mean": -0.00026092995540238917}, "Leaf - Wicked": {"duration": 190.622, "std": 0.09004200994968414, "mean": -0.00020873283210676163}, "Lushlife - Toynbee Suite": {"duration": 628.358, "std": 0.11939580738544464, "mean": -0.00011914486822206527}, "Matthew Entwistle - Dont You Ever": {"duration": 113.817, "std": 0.08984300494194031, "mean": -0.0018515067640691996}, "Meaxic - Take A Step": {"duration": 282.514, "std": 0.12984052300453186, "mean": -0.0004658943216782063}, "Meaxic - You Listen": {"duration": 412.514, "std": 0.0936259776353836, "mean": -0.0002333859447389841}, "Music Delta - 80s Rock": {"duration": 36.72, "std": 0.15714150667190552, "mean": -3.374314701432013e-06}, "Music Delta - Beatles": {"duration": 36.174, "std": 0.1730528026819229, "mean": -0.00020553625654429197}, "Music Delta - Britpop": {"duration": 36.589, "std": 0.17500825226306915, "mean": -0.0003343118296470493}, "Music Delta - Country1": {"duration": 34.543, "std": 0.1308872103691101, "mean": -9.635563765186816e-05}, "Music Delta - Country2": {"duration": 17.255, "std": 0.14516301453113556, "mean": -8.506255835527554e-05}, "Music Delta - Disco": {"duration": 124.58, "std": 0.11910521984100342, "mean": 3.855040995404124e-05}, "Music Delta - Gospel": {"duration": 75.537, "std": 0.16239702701568604, "mean": -0.00021754854242317379}, "Music Delta - Grunge": {"duration": 41.654, "std": 0.13215813040733337, "mean": -0.0004866986128035933}, "Music Delta - Hendrix": {"duration": 19.644, "std": 0.17153239250183105, "mean": 6.135131843620911e-05}, "Music Delta - Punk": {"duration": 28.563, "std": 0.1791873723268509, "mean": -1.852938294177875e-05}, "Music Delta - Reggae": {"duration": 17.263, "std": 0.17489716410636902, "mean": -5.3950760047882795e-05}, "Music Delta - Rock": {"duration": 12.891, "std": 0.17236442863941193, "mean": -0.00012410491763148457}, "Music Delta - Rockabilly": {"duration": 25.749, "std": 0.15606722235679626, "mean": -0.00013560779916588217}, "Night Panther - Fire": {"duration": 212.796, "std": 0.1111033707857132, "mean": -0.0003063074836973101}, "North To Alaska - All The Same": {"duration": 247.943, "std": 0.08451395481824875, "mean": -3.7603498640237376e-05}, "Patrick Talbot - A Reason To Leave": {"duration": 259.546, "std": 0.08471536636352539, "mean": -0.00012521713506430387}, "Patrick Talbot - Set Me Free": {"duration": 289.782, "std": 0.08717997372150421, "mean": -7.011368870735168e-05},